"participant_code","age","gender"
"P19287","25.18","Male"
"P16374","18.95","Male"
"P82990","27.6","Male"
"P23391","34.01","Female"
"P19283","29.1","Male"
"P36328","34.49","Male"
"P2423","47.46","Male"
"P65202","18.18","Male"
"P43633","32.27","Male"
"P4544","24.48","Female"
"P88746","51.23","Male"
"P98500","29.6","Male"
"P87791","29.44","Male"
"P28153","23.34","Male"
"P62483","24.27","Male"
"P93159","30.22","Female"
"P47408","32.76","Male"
"P34778","20.87","Male"
"P23448","59.26","Male"
"P29861","38.77","Male"
"P53068","25.19","Male"
"P38485","26.87","Male"
"P98528","19.72","Male"
"P48264","36.18","Male"
"P82621","18.65","Male"
"P48965","23.3","Male"
"P35974","31.11","Male"
"P66816","35.76","Male"
"P65365","38.8","Male"
"P35046","34.68","Male"
"P33170","47.49","Male"
"P9744","38.73","Male"
"P3870","25.38","Male"
"P18297","28.99","Male"
"P5497","52.98","Female"
"P72902","20.32","Male"
"P96710","17.97","Male"
"P40418","39.35","Male"
"P99563","29.9","Male"
"P94969","29.79","Male"
"P79971","39.85","Male"
"P37072","21.89","Female"
"P19193","21.48","Female"
"P85825","29.8","Male"
"P46417","34.34","Male"
"P15420","20.39","Male"
"P76226","49.09","Female"
"P8770","54.86","Male"
"P58556","25.99","Male"
"P10666","21.1","Male"
"P84932","23.01","Male"
"P31691","28.52","Male"
"P53916","59.12","Female"
"P7408","46.06","Female"
"P64658","15.7","Male"
"P31645","49.41","Male"
"P27911","50.38","Male"
"P15288","26.45","Male"
"P76081","67.83","Male"
"P81209","33.34","Male"
"P16554","23.45","Female"
"P23172","36.18","Male"
"P86989","31.53","Male"
"P23126","35.17","Male"
"P29170","51.19","Male"
"P98935","36.72","Male"
"P87810","48.28","Male"
"P13155","40.55","Male"
"P95695","50.81","Female"
"P85234","19.65","Male"
"P21132","63.69","Male"
"P17124","47.38","Male"
"P67926","19.93","Male"
"P88376","17.68","Male"
"P75365","37.71","Female"
"P54980","20.31","Male"
"P73348","53.59","Male"
"P26328","41.64","Male"
"P71955","41.1","Male"
"P43464","42.79","Male"
"P6170","38.54","Male"
"P59529","21.38","Male"
"P62774","46.6","Male"
"P90550","26.65","Male"
"P24688","15.89","Male"
"P64597","31.98","Male"
"P85244","25.78","Male"
"P30595","28.78","Male"
"P54260","24.71","Male"
"P16629","28.08","Male"
"P84549","23.69","Male"
"P89736","37.04","Male"
"P88200","31.15","Male"
"P6751","41.1","Male"
"P97130","28.18","Male"
"P2386","27.55","Male"
"P67052","26.9","Male"
"P75566","28.29","Male"
"P55038","23.46","Male"
"P8376","18.94","Male"
"P6097","34.26","Female"
"P16105","28.64","Male"
"P11742","47.84","Female"
"P9915","26.14","Male"
"P41918","27.4","Female"
"P27627","25.37","Female"
"P92134","23.32","Male"
"P20359","35.11","Male"
"P45321","19.76","Male"
"P93586","37.04","Female"
"P64550","25.19","Male"
"P56769","25.12","Male"
"P88014","37.21","Male"
"P49573","42.99","Male"
"P42135","39.25","Male"
"P71709","27.32","Male"
"P78875","42.45","Male"
"P35877","51.42","Male"
"P87718","26.37","Male"
"P33334","24.69","Male"
"P37705","43.82","Male"
"P19205","23.27","Male"
"P9742","23.6","Male"
"P36612","32.61","Male"
"P47326","20.93","Female"
"P90907","23.0","Male"
"P24769","46.86","Male"
"P73964","46.89","Female"
"P19348","21.81","Male"
"P55244","22.95","Male"
"P26230","29.82","Male"
"P46089","24.98","Male"
"P40462","24.44","Male"
"P24763","66.65","Male"
"P95564","23.84","Male"
"P95972","38.73","Male"
"P27839","35.29","Male"
"P66749","18.15","Male"
"P51468","20.35","Male"
"P48914","37.22","Female"
"P49604","33.92","Male"
"P78355","28.65","Male"
"P66840","20.47","Male"
"P23041","21.76","Male"
"P36023","21.79","Male"
"P3938","45.22","Female"
"P60327","35.69","Male"
"P98667","41.96","Male"
"P60122","20.92","Male"
"P79118","52.72","Male"
"P40112","63.23","Male"
"P7999","32.85","Male"
"P5998","32.6","Male"
"P53913","24.07","Male"
"P34559","28.31","Male"
"P21969","58.26","Male"
"P72114","24.91","Male"
"P43930","20.61","Male"
"P78432","22.05","Male"
"P33353","41.67","Female"
"P58048","33.23","Female"
"P51914","26.62","Male"
"P99840","21.93","Male"
"P75071","45.81","Male"
"P58347","43.9","Male"
"P1858","23.84","Male"
"P38556","31.56","Female"
"P47055","25.57","Female"
"P12680","37.55","Male"
"P70562","29.3","Female"
